Lineage,Hemisphere,Category,Count
BAla1/2,Left,Dev,0
BAla1/2,Right,Dev,0
BAla3/4,Left,Dev,0
BAla3/4,Right,Dev,0
BAlc,Left,Dev,0
BAlc,Right,Dev,0
BAlp1-3,Left,Dev,0
BAlp1-3,Right,Dev,0
BAlp4,Left,Dev,0
BAlp4,Right,Dev,0
BAlv,Left,Dev,0
BAlv,Right,Dev,0
BAmas1/2,Left,Dev,0
BAmas1/2,Right,Dev,0
BAmd1,Left,Dev,0
BAmd1,Right,Dev,0
BAmd2,Left,Dev,0
BAmd2,Right,Dev,0
BAmv1/2,Left,Dev,0
BAmv1/2,Right,Dev,0
BAmv3,Left,Dev,0
BAmv3,Right,Dev,0
BApd,Left,Dev,0
BApd,Right,Dev,0
BApv,Left,Dev,0
BApv,Right,Dev,0
BLAd1-4,Left,Dev,0
BLAd1-4,Right,Dev,0
BLAl,Left,Dev,0
BLAl,Right,Dev,0
BLAv1/2,Left,Dev,0
BLAv1/2,Right,Dev,0
BLAvm,Left,Dev,0
BLAvm,Right,Dev,0
BLD1,Left,Dev,0
BLD1,Right,Dev,0
BLD2-4,Left,Dev,0
BLD2-4,Right,Dev,0
BLD5/6,Left,Dev,0
BLD5/6,Right,Dev,0
BLP1/2,Left,Dev,0
BLP1/2,Right,Dev,0
BLP3/4,Left,Dev,0
BLP3/4,Right,Dev,0
BLVa1/2,Left,Dev,0
BLVa1/2,Right,Dev,0
BLVa3/4,Left,Dev,0
BLVa3/4,Right,Dev,0
BLVp1,Left,Dev,0
BLVp1,Right,Dev,0
BLVp2,Left,Dev,0
BLVp2,Right,Dev,0
BolwigsAxon,Left,Dev,0
BolwigsAxon,Right,Dev,0
CM1/3,Left,Dev,0
CM1/3,Right,Dev,0
CM4,Left,Dev,0
CM4,Right,Dev,0
CM4-CM5*,Left,Dev,0
CM4-CM5*,Right,Dev,0
CP1d,Left,Dev,0
CP1d,Right,Dev,0
CP1v,Left,Dev,0
CP1v,Right,Dev,0
CP2/3d,Left,Dev,0
CP2/3d,Right,Dev,0
CP2/3v,Left,Dev,0
CP2/3v,Right,Dev,0
CP4,Left,Dev,0
CP4,Right,Dev,0
DALcl1/2d,Left,Dev,0
DALcl1/2d,Right,Dev,0
DALcl1/2v,Left,Dev,0
DALcl1/2v,Right,Dev,0
DALcm1/2m,Left,Dev,0
DALcm1/2m,Right,Dev,0
DALcm1/2v,Left,Dev,0
DALcm1/2v,Right,Dev,0
DALd,Left,Dev,0
DALd,Right,Dev,0
DALl1,Left,Dev,0
DALl1,Right,Dev,0
DALv1,Left,Dev,0
DALv1,Right,Dev,0
DALv2/3,Left,Dev,0
DALv2/3,Right,Dev,0
DALv2/3accl,Left,Dev,0
DALv2/3accl,Right,Dev,0
DALv2/3accm,Left,Dev,0
DALv2/3accm,Right,Dev,0
DALv2/3accvl,Left,Dev,0
DALv2/3accvl,Right,Dev,0
DALv2/3accvm,Left,Dev,0
DALv2/3accvm,Right,Dev,0
DAMd1,Left,Dev,0
DAMd1,Right,Dev,0
DAMd2/3,Left,Dev,0
DAMd2/3,Right,Dev,0
DAMv1/2,Left,Dev,0
DAMv1/2,Right,Dev,0
DILP,Left,Dev,0
DILP,Right,Dev,0
DPLal1-3,Left,Dev,0
DPLal1-3,Right,Dev,0
DPLam,Left,Dev,0
DPLam,Right,Dev,0
DPLc1,Left,Dev,0
DPLc1,Right,Dev,0
DPLc2,Left,Dev,0
DPLc2,Right,Dev,0
DPLc3,Left,Dev,0
DPLc3,Right,Dev,0
DPLc4,Left,Dev,0
DPLc4,Right,Dev,0
DPLc5a,Left,Dev,0
DPLc5a,Right,Dev,0
DPLc5p,Left,Dev,0
DPLc5p,Right,Dev,0
DPLd,Left,Dev,0
DPLd,Right,Dev,0
DPLl1-3,Left,Dev,0
DPLl1-3,Right,Dev,0
DPLm1,Left,Dev,0
DPLm1,Right,Dev,0
DPLm2,Left,Dev,0
DPLm2,Right,Dev,0
DPLp1/2,Left,Dev,0
DPLp1/2,Right,Dev,0
DPMl1,Left,Dev,0
DPMl1,Right,Dev,0
DPMl2,Left,Dev,0
DPMl2,Right,Dev,0
DPMl3/4a,Left,Dev,0
DPMl3/4a,Right,Dev,0
DPMl3/4p,Left,Dev,0
DPMl3/4p,Right,Dev,0
DPMm1,Left,Dev,0
DPMm1,Right,Dev,0
DPMm2,Left,Dev,0
DPMm2,Right,Dev,0
DPMpl1/2,Left,Dev,0
DPMpl1/2,Right,Dev,0
DPMpl3,Left,Dev,0
DPMpl3,Right,Dev,0
DPMpm1,Left,Dev,0
DPMpm1,Right,Dev,0
DPMpm2,Left,Dev,0
DPMpm2,Right,Dev,0
MB-AL,Left,Dev,7
MB-AL,Right,Dev,4
MB-AM,Left,Dev,9
MB-AM,Right,Dev,6
MB-PL,Left,Dev,0
MB-PL,Right,Dev,5
MB-PM,Left,Dev,6
MB-PM,Right,Dev,4
OLP,Left,Dev,0
OLP,Right,Dev,0
S-AN,Left,Dev,0
S-AN,Right,Dev,0
S-LNa,Left,Dev,0
S-LNa,Right,Dev,0
S-LNad,Left,Dev,0
S-LNad,Right,Dev,0
S-LNp,Left,Dev,0
S-LNp,Right,Dev,0
S-MNa,Left,Dev,0
S-MNa,Right,Dev,0
S-MNp,Left,Dev,0
S-MNp,Right,Dev,0
S-MNp2,Left,Dev,0
S-MNp2,Right,Dev,0
S-PNa,Left,Dev,0
S-PNa,Right,Dev,0
S-PNm,Left,Dev,0
S-PNm,Right,Dev,0
S-PNp,Left,Dev,0
S-PNp,Right,Dev,0
S-PaN,Left,Dev,0
S-PaN,Right,Dev,0
TRdc,Left,Dev,0
TRdc,Right,Dev,0
TRdl-a/b,Left,Dev,0
TRdl-a/b,Right,Dev,0
TRdl-c,Left,Dev,0
TRdl-c,Right,Dev,0
TRdl-d,Left,Dev,0
TRdl-d,Right,Dev,0
TRdl-e,Left,Dev,0
TRdl-e,Right,Dev,0
TRdm,Left,Dev,0
TRdm,Right,Dev,0
TRmotor,Left,Dev,0
TRmotor,Right,Dev,0
TRvm,Left,Dev,0
TRvm,Right,Dev,0
Unbound,Left,Dev,0
Unbound,Right,Dev,0
BAla1/2,Left,Diff,22
BAla1/2,Right,Diff,22
BAla3/4,Left,Diff,41
BAla3/4,Right,Diff,41
BAlc,Left,Diff,33
BAlc,Right,Diff,32
BAlp1-3,Left,Diff,17
BAlp1-3,Right,Diff,18
BAlp4,Left,Diff,14
BAlp4,Right,Diff,15
BAlv,Left,Diff,12
BAlv,Right,Diff,12
BAmas1/2,Left,Diff,40
BAmas1/2,Right,Diff,39
BAmd1,Left,Diff,15
BAmd1,Right,Diff,15
BAmd2,Left,Diff,24
BAmd2,Right,Diff,24
BAmv1/2,Left,Diff,23
BAmv1/2,Right,Diff,23
BAmv3,Left,Diff,24
BAmv3,Right,Diff,24
BApd,Left,Diff,8
BApd,Right,Diff,8
BApv,Left,Diff,18
BApv,Right,Diff,15
BLAd1-4,Left,Diff,12
BLAd1-4,Right,Diff,12
BLAl,Left,Diff,13
BLAl,Right,Diff,13
BLAv1/2,Left,Diff,42
BLAv1/2,Right,Diff,39
BLAvm,Left,Diff,20
BLAvm,Right,Diff,21
BLD1,Left,Diff,8
BLD1,Right,Diff,8
BLD2-4,Left,Diff,25
BLD2-4,Right,Diff,26
BLD5/6,Left,Diff,3
BLD5/6,Right,Diff,3
BLP1/2,Left,Diff,31
BLP1/2,Right,Diff,33
BLP3/4,Left,Diff,29
BLP3/4,Right,Diff,29
BLVa1/2,Left,Diff,22
BLVa1/2,Right,Diff,23
BLVa3/4,Left,Diff,37
BLVa3/4,Right,Diff,37
BLVp1,Left,Diff,13
BLVp1,Right,Diff,13
BLVp2,Left,Diff,10
BLVp2,Right,Diff,10
BolwigsAxon,Left,Diff,13
BolwigsAxon,Right,Diff,16
CM1/3,Left,Diff,32
CM1/3,Right,Diff,31
CM4,Left,Diff,32
CM4,Right,Diff,32
CM4-CM5*,Left,Diff,5
CM4-CM5*,Right,Diff,5
CP1d,Left,Diff,8
CP1d,Right,Diff,8
CP1v,Left,Diff,23
CP1v,Right,Diff,23
CP2/3d,Left,Diff,19
CP2/3d,Right,Diff,19
CP2/3v,Left,Diff,26
CP2/3v,Right,Diff,27
CP4,Left,Diff,8
CP4,Right,Diff,8
DALcl1/2d,Left,Diff,4
DALcl1/2d,Right,Diff,4
DALcl1/2v,Left,Diff,23
DALcl1/2v,Right,Diff,23
DALcm1/2m,Left,Diff,26
DALcm1/2m,Right,Diff,26
DALcm1/2v,Left,Diff,20
DALcm1/2v,Right,Diff,20
DALd,Left,Diff,15
DALd,Right,Diff,16
DALl1,Left,Diff,9
DALl1,Right,Diff,9
DALv1,Left,Diff,11
DALv1,Right,Diff,11
DALv2/3,Left,Diff,18
DALv2/3,Right,Diff,18
DALv2/3accl,Left,Diff,4
DALv2/3accl,Right,Diff,4
DALv2/3accm,Left,Diff,2
DALv2/3accm,Right,Diff,2
DALv2/3accvl,Left,Diff,4
DALv2/3accvl,Right,Diff,3
DALv2/3accvm,Left,Diff,7
DALv2/3accvm,Right,Diff,7
DAMd1,Left,Diff,6
DAMd1,Right,Diff,6
DAMd2/3,Left,Diff,6
DAMd2/3,Right,Diff,6
DAMv1/2,Left,Diff,16
DAMv1/2,Right,Diff,16
DILP,Left,Diff,14
DILP,Right,Diff,14
DPLal1-3,Left,Diff,34
DPLal1-3,Right,Diff,34
DPLam,Left,Diff,14
DPLam,Right,Diff,14
DPLc1,Left,Diff,9
DPLc1,Right,Diff,9
DPLc2,Left,Diff,0
DPLc2,Right,Diff,0
DPLc3,Left,Diff,5
DPLc3,Right,Diff,5
DPLc4,Left,Diff,24
DPLc4,Right,Diff,23
DPLc5a,Left,Diff,7
DPLc5a,Right,Diff,7
DPLc5p,Left,Diff,7
DPLc5p,Right,Diff,6
DPLd,Left,Diff,7
DPLd,Right,Diff,7
DPLl1-3,Left,Diff,17
DPLl1-3,Right,Diff,17
DPLm1,Left,Diff,10
DPLm1,Right,Diff,10
DPLm2,Left,Diff,10
DPLm2,Right,Diff,10
DPLp1/2,Left,Diff,12
DPLp1/2,Right,Diff,12
DPMl1,Left,Diff,23
DPMl1,Right,Diff,22
DPMl2,Left,Diff,9
DPMl2,Right,Diff,9
DPMl3/4a,Left,Diff,1
DPMl3/4a,Right,Diff,1
DPMl3/4p,Left,Diff,7
DPMl3/4p,Right,Diff,7
DPMm1,Left,Diff,18
DPMm1,Right,Diff,18
DPMm2,Left,Diff,18
DPMm2,Right,Diff,18
DPMpl1/2,Left,Diff,21
DPMpl1/2,Right,Diff,21
DPMpl3,Left,Diff,11
DPMpl3,Right,Diff,11
DPMpm1,Left,Diff,13
DPMpm1,Right,Diff,13
DPMpm2,Left,Diff,6
DPMpm2,Right,Diff,6
MB-AL,Left,Diff,27
MB-AL,Right,Diff,29
MB-AM,Left,Diff,28
MB-AM,Right,Diff,28
MB-PL,Left,Diff,14
MB-PL,Right,Diff,14
MB-PM,Left,Diff,21
MB-PM,Right,Diff,19
OLP,Left,Diff,4
OLP,Right,Diff,5
S-AN,Left,Diff,28
S-AN,Right,Diff,28
S-LNa,Left,Diff,4
S-LNa,Right,Diff,4
S-LNad,Left,Diff,7
S-LNad,Right,Diff,8
S-LNp,Left,Diff,10
S-LNp,Right,Diff,10
S-MNa,Left,Diff,27
S-MNa,Right,Diff,28
S-MNp,Left,Diff,24
S-MNp,Right,Diff,23
S-MNp2,Left,Diff,5
S-MNp2,Right,Diff,5
S-PNa,Left,Diff,35
S-PNa,Right,Diff,35
S-PNm,Left,Diff,38
S-PNm,Right,Diff,44
S-PNp,Left,Diff,8
S-PNp,Right,Diff,8
S-PaN,Left,Diff,6
S-PaN,Right,Diff,6
TRdc,Left,Diff,14
TRdc,Right,Diff,16
TRdl-a/b,Left,Diff,14
TRdl-a/b,Right,Diff,13
TRdl-c,Left,Diff,4
TRdl-c,Right,Diff,4
TRdl-d,Left,Diff,2
TRdl-d,Right,Diff,2
TRdl-e,Left,Diff,7
TRdl-e,Right,Diff,7
TRdm,Left,Diff,15
TRdm,Right,Diff,15
TRmotor,Left,Diff,18
TRmotor,Right,Diff,18
TRvm,Left,Diff,2
TRvm,Right,Diff,2
Unbound,Left,Diff,4
Unbound,Right,Diff,4
BAla1/2,Left,SU,2
BAla1/2,Right,SU,1
BAla3/4,Left,SU,7
BAla3/4,Right,SU,6
BAlc,Left,SU,7
BAlc,Right,SU,10
BAlp1-3,Left,SU,17
BAlp1-3,Right,SU,14
BAlp4,Left,SU,2
BAlp4,Right,SU,1
BAlv,Left,SU,2
BAlv,Right,SU,3
BAmas1/2,Left,SU,10
BAmas1/2,Right,SU,7
BAmd1,Left,SU,8
BAmd1,Right,SU,7
BAmd2,Left,SU,10
BAmd2,Right,SU,10
BAmv1/2,Left,SU,19
BAmv1/2,Right,SU,17
BAmv3,Left,SU,0
BAmv3,Right,SU,0
BApd,Left,SU,0
BApd,Right,SU,0
BApv,Left,SU,1
BApv,Right,SU,0
BLAd1-4,Left,SU,4
BLAd1-4,Right,SU,2
BLAl,Left,SU,8
BLAl,Right,SU,6
BLAv1/2,Left,SU,15
BLAv1/2,Right,SU,11
BLAvm,Left,SU,7
BLAvm,Right,SU,7
BLD1,Left,SU,6
BLD1,Right,SU,5
BLD2-4,Left,SU,10
BLD2-4,Right,SU,9
BLD5/6,Left,SU,3
BLD5/6,Right,SU,4
BLP1/2,Left,SU,17
BLP1/2,Right,SU,16
BLP3/4,Left,SU,24
BLP3/4,Right,SU,23
BLVa1/2,Left,SU,4
BLVa1/2,Right,SU,5
BLVa3/4,Left,SU,11
BLVa3/4,Right,SU,10
BLVp1,Left,SU,0
BLVp1,Right,SU,0
BLVp2,Left,SU,6
BLVp2,Right,SU,9
BolwigsAxon,Left,SU,0
BolwigsAxon,Right,SU,0
CM1/3,Left,SU,15
CM1/3,Right,SU,15
CM4,Left,SU,49
CM4,Right,SU,51
CM4-CM5*,Left,SU,0
CM4-CM5*,Right,SU,0
CP1d,Left,SU,4
CP1d,Right,SU,4
CP1v,Left,SU,10
CP1v,Right,SU,8
CP2/3d,Left,SU,5
CP2/3d,Right,SU,5
CP2/3v,Left,SU,10
CP2/3v,Right,SU,14
CP4,Left,SU,2
CP4,Right,SU,2
DALcl1/2d,Left,SU,11
DALcl1/2d,Right,SU,11
DALcl1/2v,Left,SU,3
DALcl1/2v,Right,SU,2
DALcm1/2m,Left,SU,5
DALcm1/2m,Right,SU,2
DALcm1/2v,Left,SU,9
DALcm1/2v,Right,SU,8
DALd,Left,SU,6
DALd,Right,SU,8
DALl1,Left,SU,6
DALl1,Right,SU,8
DALv1,Left,SU,0
DALv1,Right,SU,0
DALv2/3,Left,SU,1
DALv2/3,Right,SU,1
DALv2/3accl,Left,SU,0
DALv2/3accl,Right,SU,0
DALv2/3accm,Left,SU,0
DALv2/3accm,Right,SU,0
DALv2/3accvl,Left,SU,0
DALv2/3accvl,Right,SU,0
DALv2/3accvm,Left,SU,0
DALv2/3accvm,Right,SU,0
DAMd1,Left,SU,1
DAMd1,Right,SU,1
DAMd2/3,Left,SU,3
DAMd2/3,Right,SU,3
DAMv1/2,Left,SU,0
DAMv1/2,Right,SU,0
DILP,Left,SU,6
DILP,Right,SU,7
DPLal1-3,Left,SU,5
DPLal1-3,Right,SU,4
DPLam,Left,SU,1
DPLam,Right,SU,1
DPLc1,Left,SU,6
DPLc1,Right,SU,6
DPLc2,Left,SU,5
DPLc2,Right,SU,5
DPLc3,Left,SU,0
DPLc3,Right,SU,0
DPLc4,Left,SU,11
DPLc4,Right,SU,9
DPLc5a,Left,SU,5
DPLc5a,Right,SU,4
DPLc5p,Left,SU,4
DPLc5p,Right,SU,5
DPLd,Left,SU,7
DPLd,Right,SU,7
DPLl1-3,Left,SU,6
DPLl1-3,Right,SU,6
DPLm1,Left,SU,1
DPLm1,Right,SU,1
DPLm2,Left,SU,1
DPLm2,Right,SU,0
DPLp1/2,Left,SU,0
DPLp1/2,Right,SU,0
DPMl1,Left,SU,7
DPMl1,Right,SU,7
DPMl2,Left,SU,7
DPMl2,Right,SU,7
DPMl3/4a,Left,SU,3
DPMl3/4a,Right,SU,3
DPMl3/4p,Left,SU,2
DPMl3/4p,Right,SU,2
DPMm1,Left,SU,27
DPMm1,Right,SU,29
DPMm2,Left,SU,4
DPMm2,Right,SU,4
DPMpl1/2,Left,SU,3
DPMpl1/2,Right,SU,3
DPMpl3,Left,SU,2
DPMpl3,Right,SU,3
DPMpm1,Left,SU,13
DPMpm1,Right,SU,12
DPMpm2,Left,SU,11
DPMpm2,Right,SU,12
MB-AL,Left,SU,7
MB-AL,Right,SU,6
MB-AM,Left,SU,0
MB-AM,Right,SU,3
MB-PL,Left,SU,6
MB-PL,Right,SU,7
MB-PM,Left,SU,11
MB-PM,Right,SU,11
OLP,Left,SU,0
OLP,Right,SU,0
S-AN,Left,SU,0
S-AN,Right,SU,0
S-LNa,Left,SU,0
S-LNa,Right,SU,0
S-LNad,Left,SU,0
S-LNad,Right,SU,0
S-LNp,Left,SU,0
S-LNp,Right,SU,0
S-MNa,Left,SU,0
S-MNa,Right,SU,0
S-MNp,Left,SU,0
S-MNp,Right,SU,0
S-MNp2,Left,SU,0
S-MNp2,Right,SU,0
S-PNa,Left,SU,0
S-PNa,Right,SU,0
S-PNm,Left,SU,0
S-PNm,Right,SU,0
S-PNp,Left,SU,0
S-PNp,Right,SU,0
S-PaN,Left,SU,0
S-PaN,Right,SU,0
TRdc,Left,SU,0
TRdc,Right,SU,0
TRdl-a/b,Left,SU,8
TRdl-a/b,Right,SU,7
TRdl-c,Left,SU,6
TRdl-c,Right,SU,6
TRdl-d,Left,SU,0
TRdl-d,Right,SU,0
TRdl-e,Left,SU,0
TRdl-e,Right,SU,0
TRdm,Left,SU,1
TRdm,Right,SU,1
TRmotor,Left,SU,2
TRmotor,Right,SU,0
TRvm,Left,SU,0
TRvm,Right,SU,0
Unbound,Left,SU,0
Unbound,Right,SU,0
BAla1/2,Left,suNB,2
BAla1/2,Right,suNB,3
BAla3/4,Left,suNB,1
BAla3/4,Right,suNB,1
BAlc,Left,suNB,3
BAlc,Right,suNB,1
BAlp1-3,Left,suNB,1
BAlp1-3,Right,suNB,2
BAlp4,Left,suNB,0
BAlp4,Right,suNB,1
BAlv,Left,suNB,1
BAlv,Right,suNB,1
BAmas1/2,Left,suNB,2
BAmas1/2,Right,suNB,3
BAmd1,Left,suNB,0
BAmd1,Right,suNB,0
BAmd2,Left,suNB,1
BAmd2,Right,suNB,1
BAmv1/2,Left,suNB,2
BAmv1/2,Right,suNB,2
BAmv3,Left,suNB,1
BAmv3,Right,suNB,1
BApd,Left,suNB,0
BApd,Right,suNB,0
BApv,Left,suNB,0
BApv,Right,suNB,0
BLAd1-4,Left,suNB,1
BLAd1-4,Right,suNB,1
BLAl,Left,suNB,2
BLAl,Right,suNB,1
BLAv1/2,Left,suNB,3
BLAv1/2,Right,suNB,1
BLAvm,Left,suNB,1
BLAvm,Right,suNB,2
BLD1,Left,suNB,0
BLD1,Right,suNB,0
BLD2-4,Left,suNB,1
BLD2-4,Right,suNB,1
BLD5/6,Left,suNB,0
BLD5/6,Right,suNB,2
BLP1/2,Left,suNB,3
BLP1/2,Right,suNB,2
BLP3/4,Left,suNB,1
BLP3/4,Right,suNB,1
BLVa1/2,Left,suNB,0
BLVa1/2,Right,suNB,1
BLVa3/4,Left,suNB,2
BLVa3/4,Right,suNB,2
BLVp1,Left,suNB,0
BLVp1,Right,suNB,1
BLVp2,Left,suNB,0
BLVp2,Right,suNB,0
BolwigsAxon,Left,suNB,0
BolwigsAxon,Right,suNB,0
CM1/3,Left,suNB,1
CM1/3,Right,suNB,1
CM4,Left,suNB,6
CM4,Right,suNB,4
CM4-CM5*,Left,suNB,0
CM4-CM5*,Right,suNB,0
CP1d,Left,suNB,1
CP1d,Right,suNB,2
CP1v,Left,suNB,0
CP1v,Right,suNB,0
CP2/3d,Left,suNB,1
CP2/3d,Right,suNB,0
CP2/3v,Left,suNB,1
CP2/3v,Right,suNB,2
CP4,Left,suNB,1
CP4,Right,suNB,1
DALcl1/2d,Left,suNB,0
DALcl1/2d,Right,suNB,0
DALcl1/2v,Left,suNB,1
DALcl1/2v,Right,suNB,2
DALcm1/2m,Left,suNB,0
DALcm1/2m,Right,suNB,2
DALcm1/2v,Left,suNB,0
DALcm1/2v,Right,suNB,0
DALd,Left,suNB,1
DALd,Right,suNB,1
DALl1,Left,suNB,1
DALl1,Right,suNB,2
DALv1,Left,suNB,0
DALv1,Right,suNB,0
DALv2/3,Left,suNB,2
DALv2/3,Right,suNB,2
DALv2/3accl,Left,suNB,0
DALv2/3accl,Right,suNB,0
DALv2/3accm,Left,suNB,0
DALv2/3accm,Right,suNB,0
DALv2/3accvl,Left,suNB,0
DALv2/3accvl,Right,suNB,0
DALv2/3accvm,Left,suNB,0
DALv2/3accvm,Right,suNB,0
DAMd1,Left,suNB,1
DAMd1,Right,suNB,1
DAMd2/3,Left,suNB,0
DAMd2/3,Right,suNB,2
DAMv1/2,Left,suNB,2
DAMv1/2,Right,suNB,2
DILP,Left,suNB,1
DILP,Right,suNB,0
DPLal1-3,Left,suNB,1
DPLal1-3,Right,suNB,3
DPLam,Left,suNB,1
DPLam,Right,suNB,0
DPLc1,Left,suNB,2
DPLc1,Right,suNB,2
DPLc2,Left,suNB,0
DPLc2,Right,suNB,2
DPLc3,Left,suNB,0
DPLc3,Right,suNB,0
DPLc4,Left,suNB,1
DPLc4,Right,suNB,1
DPLc5a,Left,suNB,0
DPLc5a,Right,suNB,1
DPLc5p,Left,suNB,3
DPLc5p,Right,suNB,2
DPLd,Left,suNB,1
DPLd,Right,suNB,1
DPLl1-3,Left,suNB,2
DPLl1-3,Right,suNB,2
DPLm1,Left,suNB,1
DPLm1,Right,suNB,1
DPLm2,Left,suNB,1
DPLm2,Right,suNB,1
DPLp1/2,Left,suNB,1
DPLp1/2,Right,suNB,1
DPMl1,Left,suNB,1
DPMl1,Right,suNB,1
DPMl2,Left,suNB,0
DPMl2,Right,suNB,0
DPMl3/4a,Left,suNB,1
DPMl3/4a,Right,suNB,1
DPMl3/4p,Left,suNB,0
DPMl3/4p,Right,suNB,0
DPMm1,Left,suNB,0
DPMm1,Right,suNB,1
DPMm2,Left,suNB,1
DPMm2,Right,suNB,1
DPMpl1/2,Left,suNB,2
DPMpl1/2,Right,suNB,1
DPMpl3,Left,suNB,0
DPMpl3,Right,suNB,1
DPMpm1,Left,suNB,1
DPMpm1,Right,suNB,1
DPMpm2,Left,suNB,4
DPMpm2,Right,suNB,1
MB-AL,Left,suNB,0
MB-AL,Right,suNB,1
MB-AM,Left,suNB,0
MB-AM,Right,suNB,0
MB-PL,Left,suNB,0
MB-PL,Right,suNB,0
MB-PM,Left,suNB,0
MB-PM,Right,suNB,0
OLP,Left,suNB,0
OLP,Right,suNB,0
S-AN,Left,suNB,0
S-AN,Right,suNB,0
S-LNa,Left,suNB,0
S-LNa,Right,suNB,0
S-LNad,Left,suNB,0
S-LNad,Right,suNB,0
S-LNp,Left,suNB,0
S-LNp,Right,suNB,0
S-MNa,Left,suNB,0
S-MNa,Right,suNB,0
S-MNp,Left,suNB,0
S-MNp,Right,suNB,0
S-MNp2,Left,suNB,0
S-MNp2,Right,suNB,0
S-PNa,Left,suNB,0
S-PNa,Right,suNB,0
S-PNm,Left,suNB,0
S-PNm,Right,suNB,0
S-PNp,Left,suNB,0
S-PNp,Right,suNB,0
S-PaN,Left,suNB,0
S-PaN,Right,suNB,0
TRdc,Left,suNB,0
TRdc,Right,suNB,0
TRdl-a/b,Left,suNB,0
TRdl-a/b,Right,suNB,1
TRdl-c,Left,suNB,0
TRdl-c,Right,suNB,0
TRdl-d,Left,suNB,0
TRdl-d,Right,suNB,0
TRdl-e,Left,suNB,0
TRdl-e,Right,suNB,0
TRdm,Left,suNB,0
TRdm,Right,suNB,0
TRmotor,Left,suNB,0
TRmotor,Right,suNB,0
TRvm,Left,suNB,0
TRvm,Right,suNB,0
Unbound,Left,suNB,0
Unbound,Right,suNB,0
